{
  "data": {
    "Pembangkit 1 kWh Out": 7346786.067513996,
    "Pembangkit 1 MW": 25.186275,
    "Pembangkit 2 kWh Out": 7019866.991937999,
    "Pembangkit 2 MW": 25.774246,
    "kWh Out Kumulatif": 14366653.059451994,
    "MW Kumulatif": 50.960521
  }
}