{
  "data": {
    "Pembangkit 1 kWh Out": 12430.293898,
    "Pembangkit 1 MW": 25.186275,
    "Pembangkit 2 kWh Out": 12747.028776000001,
    "Pembangkit 2 MW": 25.774246,
    "kWh Out Kumulatif": 25177.322674000003,
    "MW Kumulatif": 50.960521
  }
}