{
  "data": {
    "Pembangkit 1 kWh Out": 19874464.625,
    "Pembangkit 1 MW": 972.20752,
    "Pembangkit 2 kWh Out": 0,
    "Pembangkit 2 MW": 0,
    "kWh Out Kumulatif": 19874464.625,
    "MW Kumulatif": 972.20752,
    "Max MW": 2000
  }
}